<?xml version="1.0" encoding="UTF-8"?>
<beans xmlns="http://www.springframework.org/schema/beans"
    xmlns:xsi="http://www.w3.org/2001/XMLSchema-instance"
    xsi:schemaLocation="
        http://www.springframework.org/schema/beans http://www.springframework.org/schema/beans/spring-beans.xsd">
        <bean id="helloWorld" class="com.w3spoint.business.HelloWorld">
       <property name="msg1" value="Java World"/>
       <property name="msg2" value="World."/>
   </bean>
 
    <bean id="helloJava" 
       class="com.w3spoint.business.HelloJava" parent="helloWorld">
       <property name="msg2" value="Java"/>
       <property name="msg3" value="Java."/>
        
        </bean>
        </beans>